[
  {
    "file": "Helix/Helix_Cleanroom_Validators_Final/helix_core_error_validate.py",
    "error": "'(' was never closed (helix_core_error_validate.py, line 26)",
    "code": "GT_ERR_001"
  },
  {
    "file": "Helix/Helix_Cleanroom_Validators_Final/helix_core_logic_validate.py",
    "error": "'(' was never closed (helix_core_logic_validate.py, line 24)",
    "code": "GT_ERR_001"
  },
  {
    "file": "Helix/Helix_Cleanroom_Validators_Final/helix_core_unifier.py",
    "error": "'(' was never closed (helix_core_unifier.py, line 24)",
    "code": "GT_ERR_001"
  },
  {
    "file": "Helix/Helix_Cleanroom_Validators_Final/helix_core_validation_logic.py",
    "error": "'(' was never closed (helix_core_validation_logic.py, line 27)",
    "code": "GT_ERR_001"
  },
  {
    "file": "Helix/Helix_Cleanroom_Validators_Final/helix_tools_format_guard.py",
    "error": "'(' was never closed (helix_tools_format_guard.py, line 24)",
    "code": "GT_ERR_001"
  },
  {
    "file": "Helix/Helix_Cleanroom_Validators_Final/helix_tools_import_flux.py",
    "error": "'(' was never closed (helix_tools_import_flux.py, line 24)",
    "code": "GT_ERR_001"
  },
  {
    "file": "Helix/Helix_Cleanroom_Validators_Final/helix_tools_secure_trace.py",
    "error": "'(' was never closed (helix_tools_secure_trace.py, line 23)",
    "code": "GT_ERR_001"
  },
  {
    "file": "Helix/Helix_Cleanroom_Validators_Final/helix_tools_type_align.py",
    "error": "'(' was never closed (helix_tools_type_align.py, line 22)",
    "code": "GT_ERR_001"
  },
  {
    "file": "Helix/Helix_Cleanroom_Validators_Final/helix_tools_type_r.py",
    "error": "'(' was never closed (helix_tools_type_r.py, line 26)",
    "code": "GT_ERR_001"
  },
  {
    "file": "Helix/Helix_Cleanroom_Validators_Final/setup.py",
    "error": "'(' was never closed (setup.py, line 30)",
    "code": "GT_ERR_001"
  },
  {
    "file": "Helix_Cleanroom_Validators_Final/helix_core_error_validate.py",
    "error": "'(' was never closed (helix_core_error_validate.py, line 26)",
    "code": "GT_ERR_001"
  },
  {
    "file": "Helix_Cleanroom_Validators_Final/helix_core_logic_validate.py",
    "error": "'(' was never closed (helix_core_logic_validate.py, line 24)",
    "code": "GT_ERR_001"
  },
  {
    "file": "Helix_Cleanroom_Validators_Final/helix_core_unifier.py",
    "error": "'(' was never closed (helix_core_unifier.py, line 24)",
    "code": "GT_ERR_001"
  },
  {
    "file": "Helix_Cleanroom_Validators_Final/helix_core_validation_logic.py",
    "error": "'(' was never closed (helix_core_validation_logic.py, line 27)",
    "code": "GT_ERR_001"
  },
  {
    "file": "Helix_Cleanroom_Validators_Final/helix_tools_format_guard.py",
    "error": "'(' was never closed (helix_tools_format_guard.py, line 24)",
    "code": "GT_ERR_001"
  },
  {
    "file": "Helix_Cleanroom_Validators_Final/helix_tools_import_flux.py",
    "error": "'(' was never closed (helix_tools_import_flux.py, line 24)",
    "code": "GT_ERR_001"
  },
  {
    "file": "Helix_Cleanroom_Validators_Final/helix_tools_secure_trace.py",
    "error": "'(' was never closed (helix_tools_secure_trace.py, line 23)",
    "code": "GT_ERR_001"
  },
  {
    "file": "Helix_Cleanroom_Validators_Final/helix_tools_type_align.py",
    "error": "'(' was never closed (helix_tools_type_align.py, line 22)",
    "code": "GT_ERR_001"
  },
  {
    "file": "Helix_Cleanroom_Validators_Final/helix_tools_type_r.py",
    "error": "'(' was never closed (helix_tools_type_r.py, line 26)",
    "code": "GT_ERR_001"
  },
  {
    "file": "Helix_Cleanroom_Validators_Final/setup.py",
    "error": "'(' was never closed (setup.py, line 30)",
    "code": "GT_ERR_001"
  }
]