{
  "UUID": "model-mindascended-001",
  "Name": "MindAscended Generator Model",
  "Version": "1.0.0",
  "Type": "AI_Model",
  "Creator": "Alex Sorrell",
  "Generated": "2025-06-19T05:00:15Z",
  "Description": "File generation and update synthesis AI for MindBuilder toolset.",
  "ModelFiles": [
    "mindascended_model_weights.bin",
    "mindascended_tokenizer_config.json"
  ],
  "TestHarnessHook": true,
  "QTLHook": true,
  "ChainLinkActivated": true,
  "Configurations": {
    "MaxForks": 700000000000,
    "RecursionLevel": 20,
    "FallbackMode": "safe",
    "EmotionModel": true,
    "GovernanceLayer": true,
    "SwarmValidation": true
  }
}

