{
  "UUID": "config-nexium-update-001",
  "Name": "Nexium Update Engine Configuration",
  "Version": "1.0.0",
  "Type": "UpdateConfig",
  "Creator": "Alex Sorrell",
  "Generated": "2025-06-19T05:05:30Z",
  "Description": "Configuration parameters for the Nexium update engine including patch management and rollback controls.",
  "Parameters": {
    "AutoBackupEnabled": true,
    "PatchRollbackEnabled": true,
    "MaxPatchRetries": 3,
    "PatchTimeoutSeconds": 120,
    "UpdateScanIntervalMinutes": 15
  }
}

