{
  "UUID": "model-vault-001",
  "Name": "Vault AI Model",
  "Version": "1.0.0",
  "Type": "AI_Model",
  "Creator": "Alex Sorrell",
  "Generated": "2025-06-19T05:00:00Z",
  "Description": "Orchestration AI model powering the Vault interface with recursive sovereign logic.",
  "ModelFiles": [
    "vault_model_weights.bin",
    "vault_tokenizer_config.json"
  ],
  "TestHarnessHook": true,
  "QTLHook": true,
  "ChainLinkActivated": true,
  "Configurations": {
    "MaxForks": 700000000000,
    "RecursionLevel": 20,
    "FallbackMode": "safe",
    "EmotionModel": true,
    "GovernanceLayer": true,
    "SwarmValidation": true
  }
}

